CSE Block 	Apartment	LovelyBakeStudio	Pizza	Medium Italian Cheese		200	
CSE Block 	Apartment	LovelyBakeStudio	Pizza	Medium Onion Cheese		200	
CSE Block 	Apartment	LovelyBakeStudio	Pizza	Medium Mushroom		200	
CSE Block 	Apartment	LovelyBakeStudio	Pizza	Medium Extravaganza		220	
CSE Block 	Apartment	LovelyBakeStudio	Pizza	Medium Paneer Tikka		230	
CSE Block 	Apartment	LovelyBakeStudio	Pasta	Penne Red Sauce		200	
CSE Block 	Apartment	LovelyBakeStudio	Pasta	Penne White Sauce		200	
CSE Block 	Apartment	LovelyBakeStudio	Pasta	Penne Mix Sauce		200	
CSE Block 	Apartment	LovelyBakeStudio	Grilled Sandwich	Veg. N Corn Sandwich		120	
CSE Block 	Apartment	LovelyBakeStudio	Grilled Sandwich	Sauteed Mushroom Sandwich		130	
CSE Block 	Apartment	LovelyBakeStudio	Grilled Sandwich	Masala Paneer Tikka Sandwich		160	
CSE Block 	Apartment	LovelyBakeStudio	Grilled Sandwich	Veg. Club Sandwich		160	
CSE Block 	Apartment	LovelyBakeStudio	Maggi	Maggi Original		70	
CSE Block 	Apartment	LovelyBakeStudio	Maggi	Maggi Onion		80	
CSE Block 	Apartment	LovelyBakeStudio	Maggi	Maggi Veg Americano		90	
CSE Block 	Apartment	LovelyBakeStudio	Maggi	Maggi Mushroom N Corn		90	
CSE Block 	Apartment	LovelyBakeStudio	Noodles	Veg. Noodles		100	
CSE Block 	Apartment	LovelyBakeStudio	Noodles	Veg. Hakka Noodles		120	
CSE Block 	Apartment	LovelyBakeStudio	Noodles	Chilli Garlic Noodles		130	
CSE Block 	Apartment	LovelyBakeStudio	Noodles	Singapore Noodles		140	
CSE Block 	Apartment	LovelyBakeStudio	Noodles	Paneer Noodles		150	
CSE Block 	Apartment	LovelyBakeStudio	Chinese	Chilli Thai Fries		100	
CSE Block 	Apartment	LovelyBakeStudio	Chinese	Cheese Italian Fries		110	
CSE Block 	Apartment	LovelyBakeStudio	Chinese	Veg. Fried Rice		135	
CSE Block 	Apartment	LovelyBakeStudio	Chinese	Masala Fried Rice		140	
CSE Block 	Apartment	LovelyBakeStudio	Chinese	Honey Chilli Potato		140	
CSE Block 	Apartment	LovelyBakeStudio	Chinese	Chef Special Fried Rice		150	
CSE Block 	Apartment	LovelyBakeStudio	Chinese	Veg. Manchurian		150	
CSE Block 	Apartment	LovelyBakeStudio	Chinese	Mushroom Chilli		150	
CSE Block 	Apartment	LovelyBakeStudio	Chinese	Mushroom Manchurian		170	
CSE Block 	Apartment	LovelyBakeStudio	Chinese	Lemon Paneer		180	
CSE Block 	Apartment	LovelyBakeStudio	Hot Coffee	Hot Coffee		95	
CSE Block 	Apartment	LovelyBakeStudio	Hot Coffee	Espresso Shot (30 ml)		115	
CSE Block 	Apartment	LovelyBakeStudio	Hot Coffee	Black Coffee		125	
CSE Block 	Apartment	LovelyBakeStudio	Hot Coffee	Cappuccino		125	
CSE Block 	Apartment	LovelyBakeStudio	Hot Coffee	Lovely Latte		125	
CSE Block 	Apartment	LovelyBakeStudio	Hot Coffee	Hot Chocolate		145	
CSE Block 	Apartment	LovelyBakeStudio	Hot Coffee	French Kiss		145	
CSE Block 	Apartment	LovelyBakeStudio	Hot Coffee	Hazelnut Cappuccino		145	
CSE Block 	Apartment	LovelyBakeStudio	Hot Coffee	Caramel Cappuccino		145	
CSE Block 	Apartment	LovelyBakeStudio	Hot Coffee	Caramel Mocha		145	
CSE Block 	Apartment	LovelyBakeStudio	Hot Coffee	Irish Cappuccino		145	
CSE Block 	Apartment	LovelyBakeStudio	Hot Coffee	Lovely Mocha		145	
CSE Block 	Apartment	LovelyBakeStudio	Hot Coffee	Spice Latte		145	
CSE Block 	Apartment	LovelyBakeStudio	Hot Coffee	Triple Sec Mocha		145	
CSE Block 	Apartment	LovelyBakeStudio	Cold Coffee	Lovely Cold Coffee		130	
CSE Block 	Apartment	LovelyBakeStudio	Cold Coffee	Lovely Frappe		150	
CSE Block 	Apartment	LovelyBakeStudio	Cold Coffee	Choco Frappe		165	
CSE Block 	Apartment	LovelyBakeStudio	Cold Coffee	Caramel Frappe		165	
CSE Block 	Apartment	LovelyBakeStudio	Cold Coffee	Irish Frappe		165	
CSE Block 	Apartment	LovelyBakeStudio	Cold Coffee	Hazelnut Frappe		165	
CSE Block 	Apartment	LovelyBakeStudio	Cold Coffee	Tiramisu Frappe		165	
CSE Block 	Apartment	LovelyBakeStudio	Signature Shakes	Kesar Elaichi Shake		145	
CSE Block 	Apartment	LovelyBakeStudio	Signature Shakes	Brownie Blast Shake		185	
CSE Block 	Apartment	LovelyBakeStudio	Signature Shakes	Truffle Shake		185	
CSE Block 	Apartment	LovelyBakeStudio	Signature Shakes	Cafe Brownie Shake		185	
CSE Block 	Apartment	LovelyBakeStudio	Signature Shakes	Kit Kat Shake		185	
CSE Block 	Apartment	LovelyBakeStudio	Signature Shakes	Oreo Shake		185	
CSE Block 	Apartment	LovelyBakeStudio	Shakes	Chocolate Shake		105	
CSE Block 	Apartment	LovelyBakeStudio	Shakes	Strawberry Shake		105	
CSE Block 	Apartment	LovelyBakeStudio	Shakes	Vanilla Shake		105	
CSE Block 	Apartment	LovelyBakeStudio	Shakes	Pineapple Shake		105	
CSE Block 	Apartment	LovelyBakeStudio	Shakes	Mango Shake		105	
CSE Block 	Apartment	LovelyBakeStudio	Shakes	Banana Shake		105	
CSE Block 	Apartment	LovelyBakeStudio	Shakes	Black Current Shake		125	
CSE Block 	Apartment	LovelyBakeStudio	Mocktails	Monday Blue		165	
CSE Block 	Apartment	LovelyBakeStudio	Mocktails	Pina Colada (Milk Based)		165	
CSE Block 	Apartment	LovelyBakeStudio	Ice Tea	Club Ice Tea		95	
CSE Block 	Apartment	LovelyBakeStudio	Ice Tea	Peach Ice Tea		95	
CSE Block 	Apartment	LovelyBakeStudio	Ice Tea	Passion Fruit Tea		95	
CSE Block 	Apartment	LovelyBakeStudio	Tea	Masala Tea		45	
CSE Block 	Apartment	LovelyBakeStudio	Desserts	Vanilla Fudge Sundae		120	
CSE Block 	Apartment	LovelyBakeStudio	Desserts	Hot Brownie Sundae		160	
CSE Block 	Apartment	LovelyBakeStudio	Desserts	Bourbon Sundae		160	
CSE Block 	Apartment	LovelyBakeStudio	Desserts	Choco Truffle Sundae		160	
CSE Block 	Apartment	LovelyBakeStudio	Add On Extra	Syrup Chocolate		30	
CSE Block 	Apartment	LovelyBakeStudio	Add On Extra	Ice Cream Scoop Vanilla		40	
CSE Block 	Apartment	LovelyBakeStudio	Add On Extra	Ice Cream Scoop Chocolate		40	
CSE Block 	Apartment	LovelyBakeStudio	Coolers	Fresh Lime Soda		105	
CSE Block 	Apartment	LovelyBakeStudio	Coolers	Masala Lemonade		125	
CSE Block 	Apartment	LovelyBakeStudio	Coolers	Peach Lemonade		125	
CSE Block 	Apartment	LovelyBakeStudio	Coolers	Pink Lemonade		125	
CSE Block 	Apartment	LovelyBakeStudio	Coolers	Masala Coke		125	
CSE Block 	Apartment	LovelyBakeStudio	Coolers	Ginger Ale		125	
CSE Block 	Apartment	LovelyBakeStudio	Coolers	Green Apple Soda		125	
CSE Block 	Apartment	LovelyBakeStudio	Coolers	Ocean Blue (Ice Based)		125	
CSE Block 	Apartment	LovelyBakeStudio	Mojitos	Classic Virgin Mojito		135	
CSE Block 	Apartment	LovelyBakeStudio	Mojitos	Luscious Mango		135	
CSE Block 	Apartment	LovelyBakeStudio	Mojitos	Water Melon		135	
CSE Block 	Apartment	LovelyBakeStudio	Mojitos	Passion Fruit		135	
CSE Block 	Apartment	LovelyBakeStudio	Mojitos	Green Apple		135	
CSE Block 	Apartment	LovelyBakeStudio	Mojitos	Peach Mojito		135	
CSE Block 	Apartment	LovelyBakeStudio	Mojitos	Blue Moon Mojito		135	
CSE Block 	Apartment	LovelyBakeStudio	Softy	Mango / Strawberry / Paan / Chocolate / Vanilla		35	
CSE Block 	Apartment	South City Cafe	DOSA	Plain Dosa		60	
CSE Block 	Apartment	South City Cafe	DOSA	Paper Dosa		60	
CSE Block 	Apartment	South City Cafe	DOSA	Masala Dosa		70	
CSE Block 	Apartment	South City Cafe	DOSA	Butter Dosa		70	
CSE Block 	Apartment	South City Cafe	DOSA	Onion Dosa		70	
CSE Block 	Apartment	South City Cafe	DOSA	Ghee Podi Plain Dosa		80	
CSE Block 	Apartment	South City Cafe	DOSA	Ghee Plain Dosa		80	
CSE Block 	Apartment	South City Cafe	DOSA	Ghee Masala Dosa		90	
CSE Block 	Apartment	South City Cafe	DOSA	Ghee Podi Masala Dosa		90	
CSE Block 	Apartment	South City Cafe	DOSA	Benne Dosa		90	
CSE Block 	Apartment	South City Cafe	DOSA	Butter Masala Dosa		90	
CSE Block 	Apartment	South City Cafe	DOSA	Paneer Dosa		100	
CSE Block 	Apartment	South City Cafe	DOSA	Ghee Podi Paneer Dosa		120	
CSE Block 	Apartment	South City Cafe	DOSA	Schezwan Cheese Paneer Dosa		120	
CSE Block 	Apartment	South City Cafe	DOSA	Jini Dosa		120	
CSE Block 	Apartment	South City Cafe	DOSA	Kadhai Paneer Dosa		120	
CSE Block 	Apartment	South City Cafe	DOSA	Mysore Masala Dosa		120	
CSE Block 	Apartment	South City Cafe	DOSA	Cheese Chilli Paneer Dosa		140	
CSE Block 	Apartment	South City Cafe	DOSA	South City Spl. Dosa		200	
CSE Block 	Apartment	South City Cafe	IDLI	Plane Idli (4Pcs.)		50	
CSE Block 	Apartment	South City Cafe	IDLI	Ghee Podi Idli (3Pcs.)		60	
CSE Block 	Apartment	South City Cafe	IDLI	Thatte Idli (1Pcs.)		50	
CSE Block 	Apartment	South City Cafe	IDLI	Fried Idli (3Pcs.)		70	
CSE Block 	Apartment	South City Cafe	SNACKS	Veg. Omelette		50	
CSE Block 	Apartment	South City Cafe	SNACKS	Poha		50	
CSE Block 	Apartment	South City Cafe	SNACKS	Medhu Vada (4 Pcs.)		60	
CSE Block 	Apartment	South City Cafe	SNACKS	Dahi Vada (2 Pcs.)		70	
CSE Block 	Apartment	South City Cafe	COMBOS	Idli & Vada		60	
CSE Block 	Apartment	South City Cafe	COMBOS	Breakfast Combo (2 Pc Idli + 1 Vada + Poha + Tea)		90	
CSE Block 	Apartment	South City Cafe	LASSI	Sweet Lassi		50	
CSE Block 	Apartment	South City Cafe	LASSI	Salted Lassi		50	
CSE Block 	Apartment	South City Cafe	UTTAPAM	Onion Uttapam		70	
CSE Block 	Apartment	South City Cafe	UTTAPAM	Ghee Podi Onion Uttpam		90	
CSE Block 	Apartment	South City Cafe	UTTAPAM	Veg. Uttapam		80	
CSE Block 	Apartment	South City Cafe	UTTAPAM	Paneer Uttapam		100	
CSE Block 	Apartment	South City Cafe	UTTAPAM	Cheese Uttapam		120	
CSE Block 	Apartment	Nescafe	SANDWICH	Veg Cheese Sandwich		90	
CSE Block 	Apartment	Nescafe	SANDWICH	Paneer Makhni Sandwich		110	
CSE Block 	Apartment	Nescafe	SANDWICH	Chipotle Paneer Sandwich (With Fries)		130	
CSE Block 	Apartment	Nescafe	SANDWICH	Paneer Mint Sandwich (2 Piece)		50	
CSE Block 	Apartment	Nescafe	FRIES	Salted Fries		90	
CSE Block 	Apartment	Nescafe	FRIES	Masala/ Peri Peri Fries		90	
CSE Block 	Apartment	Nescafe	FRIES	Mint Fries		90	
CSE Block 	Apartment	Nescafe	FRIES	Cheesy Fries		100	
CSE Block 	Apartment	Nescafe	FRIES	Loaded Fries		130	
CSE Block 	Apartment	Nescafe	FRIES	Ultimate Fries Bucket		150	
CSE Block 	Apartment	Nescafe	MOJITO	Virgin Mojito		70	
CSE Block 	Apartment	Nescafe	MOJITO	Green Apple Mojito		70	
CSE Block 	Apartment	Nescafe	MOJITO	Watermelon Mojito		70	
CSE Block 	Apartment	Nescafe	MOJITO	Passion Fruit		70	
CSE Block 	Apartment	Nescafe	MOJITO	Peach Mojito		70	
CSE Block 	Apartment	Nescafe	PASTA	White Sauce Pasta		100	
CSE Block 	Apartment	Nescafe	PASTA	Red Sauce Pasta		100	
CSE Block 	Apartment	Nescafe	PASTA	Mix Sauce Pasta		110	
CSE Block 	Apartment	Nescafe	WRAP	Aloo Tikki Wrap		70	
CSE Block 	Apartment	Nescafe	WRAP	Paneer Wrap		85	
CSE Block 	Apartment	Nescafe	KRUSHER	Chocolate Krusher		80	
CSE Block 	Apartment	Nescafe	KRUSHER	Strawberry Krusher		90	
CSE Block 	Apartment	Nescafe	KRUSHER	Banana Caramel		90	
CSE Block 	Apartment	Nescafe	KRUSHER	Mango Alphanso Krusher		90	
CSE Block 	Apartment	Nescafe	KRUSHER	Blueberry Krusher		90	
CSE Block 	Apartment	Nescafe	KRUSHER	Salted Caramel		90	
CSE Block 	Apartment	Nescafe	KRUSHER	Belgian Chocolate Krusher		100	
CSE Block 	Apartment	Nescafe	KRUSHER	Kit-kat Krusher		100	
CSE Block 	Apartment	Nescafe	KRUSHER	Brownie Krusher		110	
CSE Block 	Apartment	Nescafe	COLD COFFEE	Iced Americano		70	
CSE Block 	Apartment	Nescafe	COLD COFFEE	Affogato		80	
CSE Block 	Apartment	Nescafe	COLD COFFEE	Iced Latte		90	
CSE Block 	Apartment	Nescafe	COLD COFFEE	Iced Cappuccino		90	
CSE Block 	Apartment	Nescafe	COLD COFFEE	Classic Cold Coffee with ice cream		90	
CSE Block 	Apartment	Nescafe	COLD COFFEE	Signature Cold Coffee with ice cream (freshly brewed)		100	
CSE Block 	Apartment	Nescafe	COLD COFFEE	Iced Mocha		100	
CSE Block 	Apartment	Nescafe	COLD COFFEE	Strong Cold Coffee		110	
CSE Block 	Apartment	Nescafe	BURGER	Veg Cheese Burger		60	
CSE Block 	Apartment	Nescafe	BURGER	Shezwan Cheese Burger		70	
CSE Block 	Apartment	Nescafe	BURGER	Maharaja Burger		100	
CSE Block 	Apartment	Nescafe	BURGER	Mac-Paneer Burger		100	
CSE Block 	Apartment	Nescafe	SUB	Paneer Tikka Sub		90	
CSE Block 	Apartment	Nescafe	SUB	Aloo Tikki Sub		90	
CSE Block 	Apartment	Nescafe	SUB	Mix Sub		110	
CSE Block 	Apartment	Basant Icecream	Shakes	Strawberry Shake		69	
CSE Block 	Apartment	Basant Icecream	Shakes	Vanilla Shake		69	
CSE Block 	Apartment	Basant Icecream	Shakes	Butterscotch Shake		69	
CSE Block 	Apartment	Basant Icecream	Shakes	Cold Coffee		79	
CSE Block 	Apartment	Basant Icecream	Shakes	Chocolate Oreo Shake		89	
CSE Block 	Apartment	Basant Icecream	Shakes	Tutti Frutti Shake		89	
CSE Block 	Apartment	Basant Icecream	Shakes	Melting Rose Shake		99	
CSE Block 	Apartment	Basant Icecream	Shakes	Ferrero Rocher Shake		110	
CSE Block 	Apartment	Basant Icecream	Shakes	Chocolate Brownie Shake		99	
CSE Block 	Apartment	Basant Icecream	Shakes	Alphonso Mango Shake		79	
CSE Block 	Apartment	Basant Icecream	Shakes	Red Velvet Shake		99	
CSE Block 	Apartment	Basant Icecream	Shakes	Lotus Biscoff Shake		99	
CSE Block 	Apartment	Basant Icecream	Shakes	KitKat Shake		99	
CSE Block 	Apartment	Basant Icecream	Shakes	Classic Nutella Shake		110	
CSE Block 	Apartment	Basant Icecream	Ice Cream	Vanilla (Single Scoop)		40	
CSE Block 	Apartment	Basant Icecream	Ice Cream	Vanilla (Double Scoop)		70	
CSE Block 	Apartment	Basant Icecream	Ice Cream	Strawberry (Single Scoop)		40	
CSE Block 	Apartment	Basant Icecream	Ice Cream	Strawberry (Double Scoop)		70	
CSE Block 	Apartment	Basant Icecream	Ice Cream	Mango (Single Scoop)		40	
CSE Block 	Apartment	Basant Icecream	Ice Cream	Mango (Double Scoop)		70	
CSE Block 	Apartment	Basant Icecream	Ice Cream	Blue Berry (Single Scoop)		50	
CSE Block 	Apartment	Basant Icecream	Ice Cream	Blue Berry (Double Scoop)		90	
CSE Block 	Apartment	Basant Icecream	Ice Cream	Black Currant (Single Scoop)		50	
CSE Block 	Apartment	Basant Icecream	Ice Cream	Black Currant (Double Scoop)		90	
CSE Block 	Apartment	Basant Icecream	Ice Cream	Butterscotch (Single Scoop)		50	
CSE Block 	Apartment	Basant Icecream	Ice Cream	Butterscotch (Double Scoop)		90	
CSE Block 	Apartment	Basant Icecream	Ice Cream	Chocolate (Single Scoop)		50	
CSE Block 	Apartment	Basant Icecream	Ice Cream	Chocolate (Double Scoop)		90	
CSE Block 	Apartment	Basant Icecream	Ice Cream	Bubble Gum (Single Scoop)		50	
CSE Block 	Apartment	Basant Icecream	Ice Cream	Bubble Gum (Double Scoop)		90	
CSE Block 	Apartment	Basant Icecream	Ice Cream	Pan Ice Cream (Single Scoop)		50	
CSE Block 	Apartment	Basant Icecream	Ice Cream	Pan Ice Cream (Double Scoop)		90	
CSE Block 	Apartment	Basant Icecream	Ice Cream	Tutti Frutti (Single Scoop)		50	
CSE Block 	Apartment	Basant Icecream	Ice Cream	Tutti Frutti (Double Scoop)		90	
CSE Block 	Apartment	Basant Icecream	Ice Cream	Midnight Dark Chocolate (Single Scoop)		60	
CSE Block 	Apartment	Basant Icecream	Ice Cream	Midnight Dark Chocolate (Double Scoop)		110	
CSE Block 	Apartment	Basant Icecream	Ice Cream	Brownie Chocolate (Single Scoop)		60	
CSE Block 	Apartment	Basant Icecream	Ice Cream	Brownie Chocolate (Double Scoop)		110	
CSE Block 	Apartment	Basant Icecream	Ice Cream	Basant Special Fruit Ice Cream (Single Scoop)		70	
CSE Block 	Apartment	Basant Icecream	Ice Cream	Basant Special Fruit Ice Cream (Double Scoop)		120	
CSE Block 	Apartment	Basant Icecream	Ice Cream	Kashmiri Gulkand (Single Scoop)		60	
CSE Block 	Apartment	Basant Icecream	Ice Cream	Kashmiri Gulkand (Double Scoop)		110	
CSE Block 	Apartment	Basant Icecream	Ice Cream	Ras Malai (Single Scoop)		60	
CSE Block 	Apartment	Basant Icecream	Ice Cream	Ras Malai (Double Scoop)		110	
CSE Block 	Apartment	Basant Icecream	Ice Cream	Pop Corn Ice Cream (Single Scoop)		60	
CSE Block 	Apartment	Basant Icecream	Ice Cream	Pop Corn Ice Cream (Double Scoop)		110	
CSE Block 	Apartment	Basant Icecream	Ice Cream	Kaju Kishmish (Single Scoop)		70	
CSE Block 	Apartment	Basant Icecream	Ice Cream	Kaju Kishmish (Double Scoop)		120	
CSE Block 	Apartment	Basant Icecream	Ice Cream	Roasted Almond (Single Scoop)		60	
CSE Block 	Apartment	Basant Icecream	Ice Cream	Roasted Almond (Double Scoop)		110	
CSE Block 	Apartment	Basant Icecream	Ice Cream	American Nut (Single Scoop)		60	
CSE Block 	Apartment	Basant Icecream	Ice Cream	American Nut (Double Scoop)		110	
CSE Block 	Apartment	Basant Icecream	Ice Cream	Ferrero Rocher (Single Scoop)		80	
CSE Block 	Apartment	Basant Icecream	Ice Cream	Ferrero Rocher (Double Scoop)		150	
CSE Block 	Apartment	Basant Icecream	Ice Cream	Coffee 'n' Nut (Single Scoop)		80	
CSE Block 	Apartment	Basant Icecream	Ice Cream	Coffee 'n' Nut (Double Scoop)		150	
CSE Block 	Apartment	Basant Icecream	Beverages	Mint Mojito		60	
CSE Block 	Apartment	Basant Icecream	Beverages	Virgin Mojito		60	
CSE Block 	Apartment	Basant Icecream	Beverages	Green Apple		60	
CSE Block 	Apartment	Basant Icecream	Beverages	Blue Curacao		60	
CSE Block 	Apartment	Basant Icecream	Beverages	Masala Lemonade		60	
CSE Block 	Apartment	Basant Icecream	Beverages	Watermelon Mojito		60	
CSE Block 	Apartment	Basant Icecream	Beverages	Lemon Iced Tea		80	
CSE Block 	Apartment	Basant Icecream	Sundae	Chocolate Brownie Nitrogen Sundae		110	
CSE Block 	Apartment	Basant Icecream	Sundae	Cookie Cream Nitrogen Sundae		90	
CSE Block 	Apartment	Basant Icecream	Sundae	Black Currant Nitrogen Sundae		90	
CSE Block 	Apartment	Basant Icecream	Sundae	5 Star Crunchy Nitrogen Sundae		90	
CSE Block 	Apartment	Basant Icecream	Sundae	Red Velvet Cheese Nitrogen Sundae		110	
CSE Block 	Apartment	Basant Icecream	Sundae	Fresh Strawberry Nitrogen Sundae		90	
CSE Block 	Apartment	Basant Icecream	Pizza	Onion Pizza (8-inch)		80	
CSE Block 	Apartment	Basant Icecream	Pizza	Onion Pizza (10-inch)		150	
CSE Block 	Apartment	Basant Icecream	Pizza	Capsicum Pizza (8-inch)		80	
CSE Block 	Apartment	Basant Icecream	Pizza	Capsicum Pizza (10-inch)		150	
CSE Block 	Apartment	Basant Icecream	Pizza	Sweet Corn Pizza (8-inch)		80	
CSE Block 	Apartment	Basant Icecream	Pizza	Sweet Corn Pizza (10-inch)		150	
CSE Block 	Apartment	Basant Icecream	Pizza	Tomato Pizza (8-inch)		80	
CSE Block 	Apartment	Basant Icecream	Pizza	Tomato Pizza (10-inch)		150	
CSE Block 	Apartment	Basant Icecream	Pizza	Onion & Paneer Pizza (8-inch)		100	
CSE Block 	Apartment	Basant Icecream	Pizza	Onion & Paneer Pizza (10-inch)		180	
CSE Block 	Apartment	Basant Icecream	Pizza	Sweet Corn Double Topping Pizza (8-inch)		100	
CSE Block 	Apartment	Basant Icecream	Pizza	Sweet Corn Double Topping Pizza (10-inch)		180	
CSE Block 	Apartment	Basant Icecream	Pizza	Onion & Capsicum Pizza (8-inch)		100	
CSE Block 	Apartment	Basant Icecream	Pizza	Onion & Capsicum Pizza (10-inch)		180	
CSE Block 	Apartment	Basant Icecream	Pizza	Mushroom Pizza (8-inch)		100	
CSE Block 	Apartment	Basant Icecream	Pizza	Mushroom Pizza (10-inch)		180	
CSE Block 	Apartment	Basant Icecream	Pizza	Fresh Veg Pizza (8-inch)		140	
CSE Block 	Apartment	Basant Icecream	Pizza	Fresh Veg Pizza (10-inch)		250	
CSE Block 	Apartment	Basant Icecream	Pizza	Cheese & Corn Pizza (8-inch)		140	
CSE Block 	Apartment	Basant Icecream	Pizza	Cheese & Corn Pizza (10-inch)		250	
CSE Block 	Apartment	Basant Icecream	Pizza	Cheese & Tomato Pizza (8-inch)		140	
CSE Block 	Apartment	Basant Icecream	Pizza	Cheese & Tomato Pizza (10-inch)		250	
CSE Block 	Apartment	Basant Icecream	Pizza	Double Cheese Margherita (8-inch)		140	
CSE Block 	Apartment	Basant Icecream	Pizza	Double Cheese Margherita (10-inch)		250	
CSE Block 	Apartment	Basant Icecream	Pizza	Farm House Pizza (8-inch)		160	
CSE Block 	Apartment	Basant Icecream	Pizza	Farm House Pizza (10-inch)		280	
CSE Block 	Apartment	Basant Icecream	Pizza	Pappy Paneer Pizza (8-inch)		160	
CSE Block 	Apartment	Basant Icecream	Pizza	Pappy Paneer Pizza (10-inch)		280	
CSE Block 	Apartment	Basant Icecream	Pizza	Paneer Makhani Pizza (8-inch)		160	
CSE Block 	Apartment	Basant Icecream	Pizza	Paneer Makhani Pizza (10-inch)		280	
CSE Block 	Apartment	Basant Icecream	Pizza	Supreme Veg Pizza (8-inch)		160	
CSE Block 	Apartment	Basant Icecream	Pizza	Supreme Veg Pizza (10-inch)		280	
CSE Block 	Apartment	Basant Icecream	Pizza	Corn Capsicum Tomato Pizza (8-inch)		160	
CSE Block 	Apartment	Basant Icecream	Pizza	Corn Capsicum Tomato Pizza (10-inch)		280	
CSE Block 	Apartment	Basant Icecream	Pizza	Deluxe Veg Pizza (8-inch)		160	
CSE Block 	Apartment	Basant Icecream	Pizza	Deluxe Veg Pizza (10-inch)		280	
CSE Block 	Apartment	Basant Icecream	Pizza	Paradise Pizza (8-inch)		160	
CSE Block 	Apartment	Basant Icecream	Pizza	Paradise Pizza (10-inch)		280	
CSE Block 	Apartment	Basant Icecream	Maggi	Original Masala Maggie		50	
CSE Block 	Apartment	Basant Icecream	Maggi	Green Chilli Maggie		50	
CSE Block 	Apartment	Basant Icecream	Maggi	Special Masala Maggie		60	
CSE Block 	Apartment	Basant Icecream	Maggi	Veg Maggie		60	
CSE Block 	Apartment	Basant Icecream	Maggi	Peri Peri Maggie		60	
CSE Block 	Apartment	Basant Icecream	Maggi	Butter Garlic Maggie		70	
CSE Block 	Apartment	Basant Icecream	Maggi	Cheese Oregano Maggie		70	
CSE Block 	Apartment	Basant Icecream	Maggi	Italian Tomato Maggie		70	
CSE Block 	Apartment	Basant Icecream	Maggi	Biryani Maggie		80	
CSE Block 	Apartment	Basant Icecream	Maggi	Manchurian Maggie		80	
CSE Block 	Apartment	Basant Icecream	Maggi	Cheese Pasta Maggie		80	
CSE Block 	Apartment	Basant Icecream	Maggi	Makhni Gravy Maggie		80	
CSE Block 	Apartment	Basant Icecream	Pasta	White Sauce Pasta		80	
CSE Block 	Apartment	Basant Icecream	Pasta	Red Sauce Pasta		80	
CSE Block 	Apartment	Basant Icecream	Pasta	Mix Sauce Pasta		90	
CSE Block 	Apartment	Basant Icecream	Pasta	Hot & Spicy Pasta		100	
CSE Block 	Apartment	Basant Icecream	Pasta	Baked Pasta		120	
CSE Block 	Apartment	Basant Icecream	Pasta	Exotic Pane Pasta		120	
CSE Block 	Apartment	Basant Icecream	Sandwich	Grilled Sandwich		80	
CSE Block 	Apartment	Basant Icecream	Sandwich	Spicy Grilled Sandwich		100	
CSE Block 	Apartment	Basant Icecream	Sandwich	Cheese Grilled Sandwich		110	
CSE Block 	Apartment	Basant Icecream	Sandwich	Paneer Sandwich		110	
CSE Block 	Apartment	Basant Icecream	Rolls	Mix Veg Roll		60	
CSE Block 	Apartment	Basant Icecream	Rolls	Aloo Patty Roll		80	
CSE Block 	Apartment	Basant Icecream	Rolls	Paneer Roll		80	
CSE Block 	Apartment	Basant Icecream	Rolls	Veg Roll		70	
CSE Block 	Apartment	Basant Icecream	Rolls	Cheese Corn Roll		90	
CSE Block 	Apartment	Basant Icecream	Rolls	Chinese Tomato Roll		90	
CSE Block 	Apartment	Basant Icecream	Rolls	Classic Cheese Roll		130	
CSE Block 	Apartment	Basant Icecream	Rolls	Hara Bhara Roll		130	
CSE Block 	Apartment	Basant Icecream	Sides	Garlic Bread		80	
CSE Block 	Apartment	Basant Icecream	Sides	Stuffed Garlic Bread		120	
CSE Block 	Apartment	Basant Icecream	Sides	Zingy Parcel		60	
CSE Block 	Apartment	Basant Icecream	Beverages	Special Milk Badam		99	
CSE Block 	Apartment	DimSum Box	Dumplings	Wheat Dumplings Veggie Half		59	
CSE Block 	Apartment	DimSum Box	Dumplings	Wheat Dumplings Veggie Full		89	
CSE Block 	Apartment	DimSum Box	Dumplings	Wheat Dumplings Veggie Combo		89	
CSE Block 	Apartment	DimSum Box	Dumplings	Wheat Dumplings Spinach Half		69	
CSE Block 	Apartment	DimSum Box	Dumplings	Wheat Dumplings Spinach Full		99	
CSE Block 	Apartment	DimSum Box	Dumplings	Wheat Dumplings Spinach Combo		99	
CSE Block 	Apartment	DimSum Box	Dumplings	Wheat Dumplings Mushroom Half		69	
CSE Block 	Apartment	DimSum Box	Dumplings	Wheat Dumplings Mushroom Full		99	
CSE Block 	Apartment	DimSum Box	Dumplings	Wheat Dumplings Mushroom Combo		99	
CSE Block 	Apartment	DimSum Box	Dumplings	Wheat Dumplings Broccoli Half		69	
CSE Block 	Apartment	DimSum Box	Dumplings	Wheat Dumplings Broccoli Full		99	
CSE Block 	Apartment	DimSum Box	Dumplings	Wheat Dumplings Broccoli Combo		99	
CSE Block 	Apartment	DimSum Box	Dumplings	Wheat Dumplings Paneer Half		79	
CSE Block 	Apartment	DimSum Box	Dumplings	Wheat Dumplings Paneer Full		109	
CSE Block 	Apartment	DimSum Box	Dumplings	Wheat Dumplings Paneer Combo		109	
CSE Block 	Apartment	DimSum Box	Dumplings	Wheat Dumplings Spinach & Corn Half		79	
CSE Block 	Apartment	DimSum Box	Dumplings	Wheat Dumplings Spinach & Corn Full		109	
CSE Block 	Apartment	DimSum Box	Dumplings	Wheat Dumplings Spinach & Corn Combo		109	
CSE Block 	Apartment	DimSum Box	Dumplings	Wheat Dumplings Soya Chaap Half		79	
CSE Block 	Apartment	DimSum Box	Dumplings	Wheat Dumplings Soya Chaap Full		109	
CSE Block 	Apartment	DimSum Box	Dumplings	Wheat Dumplings Soya Chaap Combo		109	
CSE Block 	Apartment	DimSum Box	Dumplings	Wheat Dumplings Veg Dapling Half		79	
CSE Block 	Apartment	DimSum Box	Dumplings	Wheat Dumplings Veg Dapling Full		109	
CSE Block 	Apartment	DimSum Box	Dumplings	Wheat Dumplings Veg Dapling Combo		109	
CSE Block 	Apartment	DimSum Box	Dumplings	Wheat Dumplings Tandoori Paneer Half		79	
CSE Block 	Apartment	DimSum Box	Dumplings	Wheat Dumplings Tandoori Paneer Full		109	
CSE Block 	Apartment	DimSum Box	Dumplings	Wheat Dumplings Tandoori Paneer Combo		109	
CSE Block 	Apartment	DimSum Box	Dumplings	Wheat Dumplings Cheese Corn Half		89	
CSE Block 	Apartment	DimSum Box	Dumplings	Wheat Dumplings Cheese Corn Full		119	
CSE Block 	Apartment	DimSum Box	Dumplings	Wheat Dumplings Cheese Corn Combo		119	
CSE Block 	Apartment	DimSum Box	Dumplings	Wheat Dumplings Cheese Mushroom Half		89	
CSE Block 	Apartment	DimSum Box	Dumplings	Wheat Dumplings Cheese Mushroom Full		119	
CSE Block 	Apartment	DimSum Box	Dumplings	Wheat Dumplings Cheese Mushroom Combo		119	
CSE Block 	Apartment	DimSum Box	Dumplings	Wheat Dumplings Cheese Paneer Half		89	
CSE Block 	Apartment	DimSum Box	Dumplings	Wheat Dumplings Cheese Paneer Full		119	
CSE Block 	Apartment	DimSum Box	Dumplings	Wheat Dumplings Cheese Paneer Combo		119	
CSE Block 	Apartment	DimSum Box	Dumplings	Wheat Dumplings Exotic Veg Sampler Half		89	
CSE Block 	Apartment	DimSum Box	Dumplings	Wheat Dumplings Exotic Veg Sampler Full		119	
CSE Block 	Apartment	DimSum Box	Dumplings	Wheat Dumplings Exotic Veg Sampler Combo		119	
CSE Block 	Apartment	DimSum Box	Fries	Classic Salted Fries		69	
CSE Block 	Apartment	DimSum Box	Fries	Masala Fries Peri Peri		79	
CSE Block 	Apartment	DimSum Box	Fries	Peri Peri Fries		89	
CSE Block 	Apartment	DimSum Box	Fries	Cheese Fries		99	
CSE Block 	Apartment	DimSum Box	Whole Wheat Wraps	Aloo Tikki Wrap		89	
CSE Block 	Apartment	DimSum Box	Whole Wheat Wraps	Veg Garden Wrap		99	
CSE Block 	Apartment	DimSum Box	Whole Wheat Wraps	Bombay Street Wrap		99	
CSE Block 	Apartment	DimSum Box	Whole Wheat Wraps	Mexican Mix Veg Wrap		109	
CSE Block 	Apartment	DimSum Box	Whole Wheat Wraps	Paneer Tikka Wrap		119	
CSE Block 	Apartment	DimSum Box	Snacks	Dragon Roll		99	
CSE Block 	Apartment	DimSum Box	Snacks	Hara Bhara Kebab		129	
CSE Block 	Apartment	DimSum Box	Snacks	Pizza Pocket		129	
CSE Block 	Apartment	DimSum Box	Snacks	Veg Nugget		139	
CSE Block 	Apartment	DimSum Box	Shakes	DB Classic Cold Coffee		79	
CSE Block 	Apartment	DimSum Box	Shakes	Belgian Chocolate Shake		79	
CSE Block 	Apartment	DimSum Box	Shakes	Strawberry Dream		79	
CSE Block 	Apartment	DimSum Box	Shakes	Sun-Kissed Mango		79	
Boys Hostel 	BH1	Tripti	DOSA & IDLI	Plain Dosa		50	
Boys Hostel 	BH1	Tripti	DOSA & IDLI	Podi Dosa		60	
Boys Hostel 	BH1	Tripti	DOSA & IDLI	Masala Dosa		60	
Boys Hostel 	BH1	Tripti	DOSA & IDLI	Ghee Dosa		70	
Boys Hostel 	BH1	Tripti	DOSA & IDLI	Thattu Dosa		60	
Boys Hostel 	BH1	Tripti	DOSA & IDLI	Uthappam		70	
Boys Hostel 	BH1	Tripti	DOSA & IDLI	Onion Dosa		60	
Boys Hostel 	BH1	Tripti	DOSA & IDLI	Tripti Special Dosa		80	
Boys Hostel 	BH1	Tripti	DOSA & IDLI	Onion Masala Dosa		65	
Boys Hostel 	BH1	Tripti	DOSA & IDLI	Paneer Dosa		100	
Boys Hostel 	BH1	Tripti	DOSA & IDLI	Butter Dosa		70	
Boys Hostel 	BH1	Tripti	DOSA & IDLI	Idli (3 pcs)		40	
Boys Hostel 	BH1	Tripti	DOSA & IDLI	Ghee Podi Dosa		70	
Boys Hostel 	BH1	Tripti	DOSA & IDLI	Ramassery Idli - 2 pcs		50	
Boys Hostel 	BH1	Tripti	SOUTH BREAKFAST	Idiyappam + Kadala/Veg Curry		70	
Boys Hostel 	BH1	Tripti	SOUTH BREAKFAST	Puttu (Steam Cake) + Kadala Curry		70	
Boys Hostel 	BH1	Tripti	SOUTH BREAKFAST	Porotta + Kadala/Veg Curry		70	
Boys Hostel 	BH1	Tripti	SOUTH BREAKFAST	Rava/Vermicelli Uppuma		60	
Boys Hostel 	BH1	Tripti	BIRIYANI RICE & THALI	Biriyani		70	
Boys Hostel 	BH1	Tripti	BIRIYANI RICE & THALI	Thali (Rice 'Kerala or North'+Sambar/Dal+Poriyal)		70	
Boys Hostel 	BH1	Tripti	BIRIYANI RICE & THALI	Tomato Rice		70	
Boys Hostel 	BH1	Tripti	BIRIYANI RICE & THALI	Lemon Rice		70	
Boys Hostel 	BH1	Tripti	BIRIYANI RICE & THALI	Curd Rice		70	
Boys Hostel 	BH1	Tripti	BIRIYANI RICE & THALI	Gobhi Rice		70	
Boys Hostel 	BH1	Tripti	BIRIYANI RICE & THALI	Fried Rice		70	
Boys Hostel 	BH1	Tripti	BIRIYANI RICE & THALI	Jeera Rice		70	
Boys Hostel 	BH1	Tripti	SOUTH SNACKS	Onion Vada		10	
Boys Hostel 	BH1	Tripti	SOUTH SNACKS	Dal Vada (Nippattu)		10	
Boys Hostel 	BH1	Tripti	SOUTH SNACKS	Medu Vada (Uzhunnu Vada)		10	
Boys Hostel 	BH1	Tripti	SOUTH SNACKS	Bread pokko Vada		15	
Boys Hostel 	BH1	Tripti	SOUTH SNACKS	Sugheen Vada		15	
Boys Hostel 	BH1	Tripti	SOUTH SNACKS	Samosa		15	
Boys Hostel 	BH1	Tripti	SOUTH SNACKS	Pazham Pori		20	
Boys Hostel 	BH1	Tripti	SOUTH SNACKS	Punugulu (5 pcs)		10	
Boys Hostel 	BH1	Tripti	SOUTH SNACKS	Snacks Combo + (Chutney)		50	
Boys Hostel 	BH1	Tripti	SOUTH TEA & PACKED SNACKS	South Tea		15	
Boys Hostel 	BH1	Pakka Adda	Noodles	Veg Noodles		60	
Boys Hostel 	BH1	Pakka Adda	Noodles	Paneer Noodles		70	
Boys Hostel 	BH1	Pakka Adda	Noodles	Mushroom Noodles		80	
Boys Hostel 	BH1	Pakka Adda	Noodles	Manchurian Noodles		70	
Boys Hostel 	BH1	Pakka Adda	Noodles	Chilli Garlic Noodles		80	
Boys Hostel 	BH1	Pakka Adda	Noodles	Hakka Noodles		70	
Boys Hostel 	BH1	Pakka Adda	Burger	Veggie Burger		60	
Boys Hostel 	BH1	Pakka Adda	Burger	Paneer Burger		70	
Boys Hostel 	BH1	Pakka Adda	Burger	Crispy Aloo Tikki Burger		50	
Boys Hostel 	BH1	Pakka Adda	Burger	Mushroom Burger		80	
Boys Hostel 	BH1	Pakka Adda	Burger	Pakka Double Decker Burger		100	
Boys Hostel 	BH1	Pakka Adda	Sandwich	Veg Club Sandwich		70	
Boys Hostel 	BH1	Pakka Adda	Sandwich	Paneer Tikka Sandwich		80	
Boys Hostel 	BH1	Pakka Adda	Sandwich	Corn & Cheese Sandwich		60	
Boys Hostel 	BH1	Pakka Adda	Sandwich	Bombay Sandwich		70	
Boys Hostel 	BH1	Pakka Adda	Sandwich	Mushroom Sandwich		80	
Boys Hostel 	BH1	Pakka Adda	Pizza	Veg Pizza		100	
Boys Hostel 	BH1	Pakka Adda	Pizza	Paneer Pizza		120	
Boys Hostel 	BH1	Pakka Adda	Pizza	Mushroom Pizza		120	
Boys Hostel 	BH1	Pakka Adda	Pizza	Margarita Pizza		110	
Boys Hostel 	BH1	Pakka Adda	Pizza	Fully Loaded Veg Pizza		150	
Boys Hostel 	BH1	Pakka Adda	Pizza	Pineapple Pizza		150	
Boys Hostel 	BH1	Pakka Adda	Roll	Veg Kathi Roll		50	
Boys Hostel 	BH1	Pakka Adda	Roll	Paneer Kathi Roll		70	
Boys Hostel 	BH1	Pakka Adda	Roll	Mushroom Roll		70	
Boys Hostel 	BH1	Pakka Adda	Roll	Chilli Paneer Roll		80	
Boys Hostel 	BH1	Pakka Adda	Roll	Manchurian Roll		70	
Boys Hostel 	BH1	Pakka Adda	Toppings	Extra Cheese		20	
Boys Hostel 	BH1	Pakka Adda	Toppings	Extra Veggies		20	
Boys Hostel 	BH1	Pakka Adda	Toppings	Paneer Topping		30	
Boys Hostel 	BH1	Pakka Adda	Toppings	Mushroom Topping		30	
Boys Hostel 	BH1	Hungry Panda	Oatmeal/Pancake	Simple oatmeal		80	
Boys Hostel 	BH1	Hungry Panda	Oatmeal/Pancake	Oatmeal with fruits		90	
Boys Hostel 	BH1	Hungry Panda	Oatmeal/Pancake	Oatmeal with dried fruit		100	
Boys Hostel 	BH1	Hungry Panda	Oatmeal/Pancake	Protein oatmeal		150	
Boys Hostel 	BH1	Hungry Panda	Oatmeal/Pancake	Simple pancake		100	
Boys Hostel 	BH1	Hungry Panda	Oatmeal/Pancake	Tomato topping		110	
Boys Hostel 	BH1	Hungry Panda	Oatmeal/Pancake	Corn topping		120	
Boys Hostel 	BH1	Hungry Panda	Oatmeal/Pancake	Cheese pancake		150	
Boys Hostel 	BH1	Hungry Panda	Add-on	Honey		20	
Boys Hostel 	BH1	Hungry Panda	Add-on	Maple		40	
Boys Hostel 	BH1	Hungry Panda	Add-on	Chocolate		20	
Boys Hostel 	BH1	Hungry Panda	Footlong Sandwich	Veggie footlong Small		70	
Boys Hostel 	BH1	Hungry Panda	Footlong Sandwich	Veggie footlong Large		100	
Boys Hostel 	BH1	Hungry Panda	Footlong Sandwich	Veggie loaded paneer Small		90	
Boys Hostel 	BH1	Hungry Panda	Footlong Sandwich	Veggie loaded paneer Large		120	
Boys Hostel 	BH1	Hungry Panda	Footlong Sandwich	Loaded Spicy Mexican Small		130	
Boys Hostel 	BH1	Hungry Panda	Footlong Sandwich	Loaded Spicy Mexican Large		150	
Boys Hostel 	BH1	Hungry Panda	Footlong Sandwich	Cheese loaded paneer Small		130	
Boys Hostel 	BH1	Hungry Panda	Footlong Sandwich	Cheese loaded paneer Large		150	
Boys Hostel 	BH1	Hungry Panda	Salad	Basic bean salad Small		70	
Boys Hostel 	BH1	Hungry Panda	Salad	Basic bean salad Large		100	
Boys Hostel 	BH1	Hungry Panda	Salad	Mexican salad Small		80	
Boys Hostel 	BH1	Hungry Panda	Salad	Mexican salad Large		110	
Boys Hostel 	BH1	Hungry Panda	Salad	Exotic veggies salad Small		90	
Boys Hostel 	BH1	Hungry Panda	Salad	Exotic veggies salad Large		120	
Boys Hostel 	BH1	Hungry Panda	Salad	Grilled paneer salad Small		100	
Boys Hostel 	BH1	Hungry Panda	Salad	Grilled paneer salad Large		130	
Boys Hostel 	BH1	Hungry Panda	Burrito	Exotic veggies Burrito Small		90	
Boys Hostel 	BH1	Hungry Panda	Burrito	Exotic veggies Burrito Large		140	
Boys Hostel 	BH1	Hungry Panda	Burrito	Paneer burrito Small		100	
Boys Hostel 	BH1	Hungry Panda	Burrito	Paneer burrito Large		150	
Boys Hostel 	BH1	Hungry Panda	Burrito	Mexican burrito Small		110	
Boys Hostel 	BH1	Hungry Panda	Burrito	Mexican burrito Large		160	
Boys Hostel 	BH1	Hungry Panda	Burrito	Mushroom burrito Small		100	
Boys Hostel 	BH1	Hungry Panda	Burrito	Mushroom burrito Large		150	
Boys Hostel 	BH1	Hungry Panda	Burrito	Falafal Burrito Small		120	
Boys Hostel 	BH1	Hungry Panda	Burrito	Falafal Burrito Large		160	
Boys Hostel 	BH1	Hungry Panda	Pita Bread with Hummus	Plain pita with hummus		120	
Boys Hostel 	BH1	Hungry Panda	Pita Bread with Hummus	Falafal pita with hummus		150	
Boys Hostel 	BH1	Hungry Panda	Pita Bread with Hummus	Paneer pita with hummus		130	
Boys Hostel 	BH1	Hungry Panda	Pita Bread with Hummus	Mix beans pita		130	
Boys Hostel 	BH1	Hungry Panda	Pizza	Margarita Small		120	
Boys Hostel 	BH1	Hungry Panda	Pizza	Margarita Medium		170	
Boys Hostel 	BH1	Hungry Panda	Pizza	Margarita Large		240	
Boys Hostel 	BH1	Hungry Panda	Pizza	Mingle Small		120	
Boys Hostel 	BH1	Hungry Panda	Pizza	Mingle Medium		170	
Boys Hostel 	BH1	Hungry Panda	Pizza	Mingle Large		240	
Boys Hostel 	BH1	Hungry Panda	Pizza	Farmhouse Small		130	
Boys Hostel 	BH1	Hungry Panda	Pizza	Farmhouse Medium		180	
Boys Hostel 	BH1	Hungry Panda	Pizza	Farmhouse Large		250	
Boys Hostel 	BH1	Hungry Panda	Pizza	Garden house Small		150	
Boys Hostel 	BH1	Hungry Panda	Pizza	Garden house Medium		200	
Boys Hostel 	BH1	Hungry Panda	Pizza	Garden house Large		270	
Boys Hostel 	BH1	Hungry Panda	Pizza	Mushroom Small		140	
Boys Hostel 	BH1	Hungry Panda	Pizza	Mushroom Medium		180	
Boys Hostel 	BH1	Hungry Panda	Pizza	Mushroom Large		250	
Boys Hostel 	BH1	Hungry Panda	Pizza	Classic Paneer Small		140	
Boys Hostel 	BH1	Hungry Panda	Pizza	Classic Paneer Medium		180	
Boys Hostel 	BH1	Hungry Panda	Pizza	Classic Paneer Large		250	
Boys Hostel 	BH1	Hungry Panda	Pizza	BBQ Paneer Small		150	
Boys Hostel 	BH1	Hungry Panda	Pizza	BBQ Paneer Medium		190	
Boys Hostel 	BH1	Hungry Panda	Pizza	BBQ Paneer Large		260	
Boys Hostel 	BH1	Hungry Panda	Pizza	PariPari Paneer Small		150	
Boys Hostel 	BH1	Hungry Panda	Pizza	PariPari Paneer Medium		190	
Boys Hostel 	BH1	Hungry Panda	Pizza	PariPari Paneer Large		260	
Boys Hostel 	BH1	Hungry Panda	Pizza	PineApple Pizza Small		150	
Boys Hostel 	BH1	Hungry Panda	Pizza	PineApple Pizza Medium		200	
Boys Hostel 	BH1	Hungry Panda	Pizza	PineApple Pizza Large		270	
Boys Hostel 	BH1	Hungry Panda	Pizza	Fairy Mexican pizza Small		150	
Boys Hostel 	BH1	Hungry Panda	Pizza	Fairy Mexican pizza Medium		200	
Boys Hostel 	BH1	Hungry Panda	Pizza	Fairy Mexican pizza Large		270	
Boys Hostel 	BH1	Hungry Panda	Pizza	Jalopeno + Olive Small		140	
Boys Hostel 	BH1	Hungry Panda	Pizza	Jalopeno + Olive Medium		180	
Boys Hostel 	BH1	Hungry Panda	Pizza	Jalopeno + Olive Large		250	
Boys Hostel 	BH1	Hungry Panda	Pizza	Hungry Panda classic pizza Small		300	
Boys Hostel 	BH1	Hungry Panda	Pizza	Hungry Panda classic pizza Medium		390	
Boys Hostel 	BH1	Hungry Panda	Pizza	Hungry Panda classic pizza Large		480	
Boys Hostel 	BH1	Hungry Panda	Pizza	Hungry Panda Paneer Delight Small		330	
Boys Hostel 	BH1	Hungry Panda	Pizza	Hungry Panda Paneer Delight Medium		400	
Boys Hostel 	BH1	Hungry Panda	Pizza	Hungry Panda Paneer Delight Large		520	
Boys Hostel 	BH1	Hungry Panda	Pizza	Fairy Panda Pizza Small		350	
Boys Hostel 	BH1	Hungry Panda	Pizza	Fairy Panda Pizza Medium		450	
Boys Hostel 	BH1	Hungry Panda	Pizza	Fairy Panda Pizza Large		520	
Boys Hostel 	BH1	Hungry Panda	Pizza	Baby corn Pizza Small		160	
Boys Hostel 	BH1	Hungry Panda	Pizza	Baby corn Pizza Medium		200	
Boys Hostel 	BH1	Hungry Panda	Pizza	Baby corn Pizza Large		280	
Boys Hostel 	BH1	Hungry Panda	Pizza Add-on	Nachos crunch Small		50	
Boys Hostel 	BH1	Hungry Panda	Pizza Add-on	Nachos crunch Medium		70	
Boys Hostel 	BH1	Hungry Panda	Pizza Add-on	Nachos crunch Large		90	
Boys Hostel 	BH1	Hungry Panda	Pizza Add-on	Extra cheese Small		40	
Boys Hostel 	BH1	Hungry Panda	Pizza Add-on	Extra cheese Medium		60	
Boys Hostel 	BH1	Hungry Panda	Pizza Add-on	Extra cheese Large		70	
Boys Hostel 	BH1	Hungry Panda	Pizza Add-on	Cheese Burst Small		60	
Boys Hostel 	BH1	Hungry Panda	Pizza Add-on	Cheese Burst Medium		80	
Boys Hostel 	BH1	Hungry Panda	Pizza Add-on	Cheese Burst Large		100	
Boys Hostel 	BH1	Hangouts	DOSA & IDLI	Plain Dosa		50	
Boys Hostel 	BH1	Hangouts	DOSA & IDLI	Podi Dosa		60	
Boys Hostel 	BH1	Hangouts	DOSA & IDLI	Masala Dosa		60	
Boys Hostel 	BH1	Hangouts	DOSA & IDLI	Ghee Dosa		70	
Boys Hostel 	BH1	Hangouts	DOSA & IDLI	Thattu Dosa		60	
Boys Hostel 	BH1	Hangouts	DOSA & IDLI	Uthappam		70	
Boys Hostel 	BH1	Hangouts	DOSA & IDLI	Onion Dosa		60	
Boys Hostel 	BH1	Hangouts	DOSA & IDLI	Tripti Special Dosa		80	
Boys Hostel 	BH1	Hangouts	DOSA & IDLI	Onion Masala Dosa		65	
Boys Hostel 	BH1	Hangouts	DOSA & IDLI	Paneer Dosa		100	
Boys Hostel 	BH1	Hangouts	DOSA & IDLI	Butter Dosa		70	
Boys Hostel 	BH1	Hangouts	DOSA & IDLI	Idli 3 pcs		40	
Boys Hostel 	BH1	Hangouts	DOSA & IDLI	Ghee Podi Dosa		70	
Boys Hostel 	BH1	Hangouts	DOSA & IDLI	Ramassery Idli - 2 pcs		50	
Boys Hostel 	BH1	Hangouts	SNACKS	Onion Vada		10	
Boys Hostel 	BH1	Hangouts	SNACKS	Dal Vada (Nippattu)		10	
Boys Hostel 	BH1	Hangouts	SNACKS	Medu Vada (Uzhunnu Vada)		10	
Boys Hostel 	BH1	Hangouts	SNACKS	Bread Pokko Vada		15	
Boys Hostel 	BH1	Hangouts	SNACKS	Sugheen Vada		15	
Boys Hostel 	BH1	Hangouts	SNACKS	Samosa		15	
Boys Hostel 	BH1	Hangouts	SNACKS	Pazham Pori		20	
Boys Hostel 	BH1	Hangouts	SNACKS	Punugulu		10	
Boys Hostel 	BH1	Hangouts	SNACKS	Snacks Combo + (Chutney)		50	
Boys Hostel 	BH4	Food Factory	CHINESE	Chilly Chicken		210	
Boys Hostel 	BH4	Food Factory	RICE	Steamed Rice		40	
Boys Hostel 	BH4	Food Factory	CHINESE	Chilly Chicken (Boneless)		240	
Boys Hostel 	BH4	Food Factory	BIRIYANI	Veg Biryani		110	
Boys Hostel 	BH4	Food Factory	CHINESE	Garlic Chicken		210	
Boys Hostel 	BH4	Food Factory	BIRIYANI	Egg Biryani (2pc)		130	
Boys Hostel 	BH4	Food Factory	CHINESE	Garlic Chicken (Boneless)		240	
Boys Hostel 	BH4	Food Factory	BIRIYANI	Chk Biryani (3 pc)		150	
Boys Hostel 	BH4	Food Factory	CHINESE	Chicken 65		210	
Boys Hostel 	BH4	Food Factory	BIRIYANI	Fried Chk Biryani (3pc)		175	
Boys Hostel 	BH4	Food Factory	CHINESE	Chicken 65 (Boneless)		240	
Boys Hostel 	BH4	Food Factory	BIRIYANI	Tandoori Chk Biryani (2 pc)		175	
Boys Hostel 	BH4	Food Factory	CHINESE	Lemon Chicken		210	
Boys Hostel 	BH4	Food Factory	BIRIYANI	Mutton Biryani (2pc)		225	
Boys Hostel 	BH4	Food Factory	CHINESE	Lemon Chicken (Boneless)		240	
Boys Hostel 	BH4	Food Factory	CHINESE	Chicken Lollypop		200	
Boys Hostel 	BH4	Food Factory	COMBO	Chilly Chicken (B/less) + Veg Hakka Noodles		200	
Boys Hostel 	BH4	Food Factory	STARTER	Chicken Pakoda		210	
Boys Hostel 	BH4	Food Factory	COMBO	Chilly Chicken (B/less) + Chk Hakka Noodles		240	
Boys Hostel 	BH4	Food Factory	STARTER	Chicken Pakoda (Boneless)		240	
Boys Hostel 	BH4	Food Factory	COMBO	Chilly Chicken (B/less) + Veg Fried Rice		200	
Boys Hostel 	BH4	Food Factory	STARTER	Masala Fried Chicken		220	
Boys Hostel 	BH4	Food Factory	COMBO	Chilly Chicken (B/less) + Chk Fried Rice		240	
Boys Hostel 	BH4	Food Factory	STARTER	Masala Fried Chicken (Boneless)		250	
Boys Hostel 	BH4	Food Factory	COMBO	Cheese Chilly + Veg Hakka Noodles		175	
Boys Hostel 	BH4	Food Factory	STARTER	Crispy Chicken Spicy (Chaap Style)		220	
Boys Hostel 	BH4	Food Factory	COMBO	Cheese Chilly + Veg Fried Rice		175	
Boys Hostel 	BH4	Food Factory	STARTER	Crispy Chicken Spicy (Boneless)		250	
Boys Hostel 	BH4	Food Factory	CHINESE	Chilly Chicken (Bravo)		250	
Boys Hostel 	BH4	Food Factory	MAIN COURSE	Chicken Seekh Masala		280	
Boys Hostel 	BH4	Food Factory	CHINESE	Chilly Chicken (Bravo, Boneless)		280	
Boys Hostel 	BH4	Food Factory	MAIN COURSE	Handi Chicken		280	
Boys Hostel 	BH4	Food Factory	STARTER	Chilly Potato		110	
Boys Hostel 	BH4	Food Factory	MAIN COURSE	Masala Chicken		280	
Boys Hostel 	BH4	Food Factory	STARTER	Honey Chilly Potato		130	
Boys Hostel 	BH4	Food Factory	MAIN COURSE	Tawa Chicken		280	
Boys Hostel 	BH4	Food Factory	STARTER	Dragon Paneer		150	
Boys Hostel 	BH4	Food Factory	MAIN COURSE	Kadhai Chicken		300	
Boys Hostel 	BH4	Food Factory	STARTER	Cheese Chilly		150	
Boys Hostel 	BH4	Food Factory	MAIN COURSE	Butter Chicken		320	
Boys Hostel 	BH4	Food Factory	MAIN COURSE	Punjabi Chicken Masala		320	
Boys Hostel 	BH4	Food Factory	RICE	Fried Rice - Veg		110	
Boys Hostel 	BH4	Food Factory	MAIN COURSE	Rara Chicken		320	
Boys Hostel 	BH4	Food Factory	RICE	Fried Rice - Egg		130	
Boys Hostel 	BH4	Food Factory	MAIN COURSE	Chicken Tikka Butter Masala		320	
Boys Hostel 	BH4	Food Factory	RICE	Fried Rice - Chicken		150	
Boys Hostel 	BH4	Food Factory	MAIN COURSE	Murg Musallam		320	
Boys Hostel 	BH4	Food Factory	NOODLES	Hakka Noodles - Veg		110	
Boys Hostel 	BH4	Food Factory	MAIN COURSE	Chicken Tangri Masala Curry		320	
Boys Hostel 	BH4	Food Factory	NOODLES	Hakka Noodles - Egg		130	
Boys Hostel 	BH4	Food Factory	MAIN COURSE	Mutton Rogan Josh		350	
Boys Hostel 	BH4	Food Factory	NOODLES	Hakka Noodles - Chicken		150	
Boys Hostel 	BH4	Food Factory	MAIN COURSE	Mutton Masala		350	
Boys Hostel 	BH4	Food Factory	NOODLES	Chilly Garlic Noodles - Veg		110	
Boys Hostel 	BH4	Food Factory	NOODLES	Chilly Garlic Noodles - Egg		130	
Boys Hostel 	BH4	Food Factory	MAIN COURSE	Dal of the Day		120	
Boys Hostel 	BH4	Food Factory	NOODLES	Chilly Garlic Noodles - Chicken		150	
Boys Hostel 	BH4	Food Factory	MAIN COURSE	Mix Veg		150	
Boys Hostel 	BH4	Food Factory	MAIN COURSE	Paneer Do Pyaza		200	
Boys Hostel 	BH4	Food Factory	BREAD	Tawa Roti		5	
Boys Hostel 	BH4	Food Factory	MAIN COURSE	Kadhai Paneer		200	
Boys Hostel 	BH4	Food Factory	BREAD	Tandoori Roti		10	
Boys Hostel 	BH4	Food Factory	MAIN COURSE	Shahi Paneer		200	
Boys Hostel 	BH4	Food Factory	BREAD	Butter Tandoori Roti		15	
Boys Hostel 	BH4	Food Factory	MAIN COURSE	Paneer Butter Masala		220	
Boys Hostel 	BH4	Food Factory	BREAD	Plain Naan		30	
Boys Hostel 	BH4	Food Factory	BREAD	Butter Naan		40	
Boys Hostel 	BH4	Food Factory	STARTER	Paneer Tikka		150	
Boys Hostel 	BH4	Food Factory	BREAD	Garlic Naan		50	
Boys Hostel 	BH4	Food Factory	STARTER	Paneer Malai Tikka		170	
Boys Hostel 	BH4	Food Factory	BREAD	Chilly Parantha		50	
Boys Hostel 	BH4	Food Factory	STARTER	French Fries		100	
Boys Hostel 	BH4	Food Factory	BREAD	Lachha Parantha		50	
Boys Hostel 	BH4	Food Factory	STARTER	Masala French Fries		110	
Boys Hostel 	BH4	Food Factory	SALAD	Onion Salad		15	
Boys Hostel 	BH4	Food Factory	COMBO	Handi Chicken (3pc)		190	
Boys Hostel 	BH4	Food Factory	SALAD	Green Salad		25	
Boys Hostel 	BH4	Food Factory	COMBO	Handi Chicken (3pc) + Roti (3)		200	
Boys Hostel 	BH4	Food Factory	COMBO	Handi Chicken (3pc) + Rice		220	
Boys Hostel 	BH4	Food Factory	STARTER	Boiled Eggs		10	
Boys Hostel 	BH4	Food Factory	COMBO	Masala Chicken (3pc)		190	
Boys Hostel 	BH4	Food Factory	STARTER	Plain Omlette		50	
Boys Hostel 	BH4	Food Factory	COMBO	Masala Chicken (3pc) + Roti (3)		200	
Boys Hostel 	BH4	Food Factory	STARTER	Masala Omlette		60	
Boys Hostel 	BH4	Food Factory	COMBO	Masala Chicken (3pc) + Rice		220	
Boys Hostel 	BH4	Food Factory	STARTER	Plain Bhurji		50	
Boys Hostel 	BH4	Food Factory	COMBO	Tawa Chicken (3 pc)		190	
Boys Hostel 	BH4	Food Factory	STARTER	Masala Bhurji		60	
Boys Hostel 	BH4	Food Factory	COMBO	Tawa Chicken (3pc) + Roti (3)		200	
Boys Hostel 	BH4	Food Factory	MAIN COURSE	Egg Curry		130	
Boys Hostel 	BH4	Food Factory	COMBO	Tawa Chicken (3pc) + Rice		220	
Boys Hostel 	BH4	Food Factory	COMBO	Karahi Chicken (3pc)		200	
Boys Hostel 	BH4	Food Factory	STARTER	Chicken Seekh		220	
Boys Hostel 	BH4	Food Factory	COMBO	Karahi Chicken (3 pc) + Roti (3)		210	
Boys Hostel 	BH4	Food Factory	STARTER	Tandoori Chicken		220	
Boys Hostel 	BH4	Food Factory	COMBO	Karahi Chicken (3 pc) + Rice		230	
Boys Hostel 	BH4	Food Factory	STARTER	Afgani Chicken		240	
Boys Hostel 	BH4	Food Factory	COMBO	Butter Chicken (3 pc)		210	
Boys Hostel 	BH4	Food Factory	STARTER	Chicken Achari Tikka		240	
Boys Hostel 	BH4	Food Factory	COMBO	Butter Chicken (3 pc) + Roti (3)		220	
Boys Hostel 	BH4	Food Factory	STARTER	Chicken Malai Tikka		250	
Boys Hostel 	BH4	Food Factory	COMBO	Butter Chicken (3 pc) + Rice		240	
Boys Hostel 	BH4	Food Factory	STARTER	Pahari Chicken		250	
Boys Hostel 	BH4	Food Factory	COMBO	Rara Chicken (3pc)		210	
Boys Hostel 	BH4	Food Factory	STARTER	Bhatti Ka Murg		250	
Boys Hostel 	BH4	Food Factory	COMBO	Rara Chicken (3 pc) + Roti (3)		220	
Boys Hostel 	BH4	Food Factory	STARTER	Chicken Tikka		250	
Boys Hostel 	BH4	Food Factory	COMBO	Rara Chicken (3 pc) + Rice		240	
Boys Hostel 	BH4	Food Factory	STARTER	Jahangir Chicken		250	
Boys Hostel 	BH4	Food Factory	COMBO	CK Tikka Butter Masala (3pc)		210	
Boys Hostel 	BH4	Food Factory	STARTER	Reshami Chicken		250	
Boys Hostel 	BH4	Food Factory	COMBO	CK Tikka Butter Masala (3pc) + Roti (3)		220	
Boys Hostel 	BH4	Food Factory	COMBO	CK Tikka Butter Masala (3pc) + Rice		240	
Boys Hostel 	BH6	Canteen_BH6	TEA	Regular Tea		15	
Boys Hostel 	BH6	Canteen_BH6	TEA	Ginger Tea		20	
Boys Hostel 	BH6	Canteen_BH6	TEA	Lemon Tea		20	
Boys Hostel 	BH6	Canteen_BH6	TEA	Green Tea		25	
Boys Hostel 	BH6	Canteen_BH6	TEA	Masala Tea		25	
Boys Hostel 	BH6	Canteen_BH6	TEA	Elaichi Tea		25	
Boys Hostel 	BH6	Canteen_BH6	TEA	Rose Tea		30	
Boys Hostel 	BH6	Canteen_BH6	TEA	Chocolate Tea		30	
Boys Hostel 	BH6	Canteen_BH6	COFFEE	Hot Coffee		30	
Boys Hostel 	BH6	Canteen_BH6	COFFEE	Strong Coffee		35	
Boys Hostel 	BH6	Canteen_BH6	COFFEE	Cold Coffee		50	
Boys Hostel 	BH6	Canteen_BH6	COFFEE	Chocolate Coffee		45	
Boys Hostel 	BH6	Canteen_BH6	COFFEE	Hazelnut Coffee		50	
Boys Hostel 	BH6	Canteen_BH6	COFFEE	Caramel Coffee		50	
Boys Hostel 	BH6	Canteen_BH6	COFFEE	Cappuccino		60	
Boys Hostel 	BH6	Canteen_BH6	COFFEE	Latte		65	
Boys Hostel 	BH6	Canteen_BH6	MILKSHAKES	Vanilla Shake		70	
Boys Hostel 	BH6	Canteen_BH6	MILKSHAKES	Chocolate Shake		80	
Boys Hostel 	BH6	Canteen_BH6	MILKSHAKES	Oreo Shake		90	
Boys Hostel 	BH6	Canteen_BH6	MILKSHAKES	KitKat Shake		95	
Boys Hostel 	BH6	Canteen_BH6	MILKSHAKES	Strawberry Shake		80	
Boys Hostel 	BH6	Canteen_BH6	MILKSHAKES	Mango Shake		85	
Boys Hostel 	BH6	Canteen_BH6	SANDWICHES	Veg Sandwich		50	
Boys Hostel 	BH6	Canteen_BH6	SANDWICHES	Grilled Veg Sandwich		70	
Boys Hostel 	BH6	Canteen_BH6	SANDWICHES	Cheese Sandwich		80	
Boys Hostel 	BH6	Canteen_BH6	SANDWICHES	Paneer Sandwich		90	
Boys Hostel 	BH6	Canteen_BH6	SANDWICHES	Corn Cheese Sandwich		85	
Boys Hostel 	BH6	Canteen_BH6	SANDWICHES	Tandoori Sandwich		95	
Boys Hostel 	BH6	Canteen_BH6	BURGERS	Veg Burger		60	
Boys Hostel 	BH6	Canteen_BH6	BURGERS	Veg Cheese Burger		80	
Boys Hostel 	BH6	Canteen_BH6	BURGERS	Crispy Veg Burger		90	
Boys Hostel 	BH6	Canteen_BH6	BURGERS	Paneer Burger		100	
Boys Hostel 	BH6	Canteen_BH6	BURGERS	Double Cheese Burger		120	
Boys Hostel 	BH6	Canteen_BH6	PIZZA	Margherita Pizza		120	
Boys Hostel 	BH6	Canteen_BH6	PIZZA	Veg Supreme Pizza		160	
Boys Hostel 	BH6	Canteen_BH6	PIZZA	Paneer Pizza		180	
Boys Hostel 	BH6	Canteen_BH6	PIZZA	Corn & Cheese Pizza		170	
Boys Hostel 	BH6	Canteen_BH6	PIZZA	Farm Fresh Pizza		190	
Boys Hostel 	BH6	Canteen_BH6	WRAPS	Veg Wrap		70	
Boys Hostel 	BH6	Canteen_BH6	WRAPS	Paneer Wrap		90	
Boys Hostel 	BH6	Canteen_BH6	WRAPS	Cheese Wrap		95	
Boys Hostel 	BH6	Canteen_BH6	WRAPS	Mexican Wrap		100	
Boys Hostel 	BH6	Canteen_BH6	ROLLS	Veg Roll		60	
Boys Hostel 	BH6	Canteen_BH6	ROLLS	Paneer Roll		80	
Boys Hostel 	BH6	Canteen_BH6	ROLLS	Cheese Roll		90	
Boys Hostel 	BH6	Canteen_BH6	ROLLS	Mushroom Roll		95	
Boys Hostel 	BH6	Canteen_BH6	NOODLES	Veg Noodles		80	
Boys Hostel 	BH6	Canteen_BH6	NOODLES	Hakka Noodles		90	
Boys Hostel 	BH6	Canteen_BH6	NOODLES	Schezwan Noodles		100	
Boys Hostel 	BH6	Canteen_BH6	NOODLES	Paneer Noodles		110	
Boys Hostel 	BH6	Canteen_BH6	FRIED RICE	Veg Fried Rice		90	
Boys Hostel 	BH6	Canteen_BH6	FRIED RICE	Schezwan Fried Rice		100	
Boys Hostel 	BH6	Canteen_BH6	FRIED RICE	Paneer Fried Rice		120	
Boys Hostel 	BH6	Canteen_BH6	MAGGI	Plain Maggi		40	
Boys Hostel 	BH6	Canteen_BH6	MAGGI	Veg Maggi		60	
Boys Hostel 	BH6	Canteen_BH6	MAGGI	Cheese Maggi		70	
Boys Hostel 	BH6	Canteen_BH6	MAGGI	Paneer Maggi		80	
Boys Hostel 	BH6	Canteen_BH6	SNACKS	French Fries		70	
Boys Hostel 	BH6	Canteen_BH6	SNACKS	Peri Peri Fries		90	
Boys Hostel 	BH6	Canteen_BH6	SNACKS	Garlic Bread		80	
Boys Hostel 	BH6	Canteen_BH6	SNACKS	Cheese Garlic Bread		100	
Boys Hostel 	BH6	Canteen_BH6	SNACKS	Samosa		20	
Boys Hostel 	BH6	Canteen_BH6	SNACKS	Veg Puff		25	
Boys Hostel 	BH6	Canteen_BH6	SNACKS	Spring Roll		60	
Boys Hostel 	BH6	Canteen_BH6	MOMOS	Veg Momos (6 pcs)		70	
Boys Hostel 	BH6	Canteen_BH6	MOMOS	Fried Momos		90	
Boys Hostel 	BH6	Canteen_BH6	MOMOS	Paneer Momos		100	
Boys Hostel 	BH6	Canteen_BH6	MOMOS	Cheese Momos		110	
Boys Hostel 	BH6	Canteen_BH6	DESSERTS	Brownie		60	
Boys Hostel 	BH6	Canteen_BH6	DESSERTS	Ice Cream Scoop		50	
Boys Hostel 	BH6	Canteen_BH6	DESSERTS	Chocolate Pastry		70	
Boys Hostel 	BH6	Canteen_BH6	DESSERTS	Gulab Jamun (2 pcs)		40	
Boys Hostel 	BH6	Canteen_BH6	SOFT DRINKS	Mineral Water		20	
Boys Hostel 	BH6	Canteen_BH6	SOFT DRINKS	Coke		40	
Boys Hostel 	BH6	Canteen_BH6	SOFT DRINKS	Sprite		40	
Boys Hostel 	BH6	Canteen_BH6	SOFT DRINKS	Fanta		40	
Boys Hostel 	BH6	Canteen_BH6	SOFT DRINKS	Fresh Lime Soda		50	
Boys Hostel 	BH6	Canteen_BH6	SOFT DRINKS	Lemon Juice		40	
CSE Block 	Block 25	Gupta Canteen	THALI	Thali (1 Dal, 1 Veg, 1 Rice, 1 Raita, Salad, Chapati, Packed Curd Rs.10)		90	
CSE Block 	Block 25	Gupta Canteen	THALI	Special Thali (1 Dal, 1 Paneer, 1 Veg, 1 Rice, Packed Curd Rs.10, Salad, 3 Chapati)		110	
CSE Block 	Block 25	Gupta Canteen	RICE & CURRY	Dal/Channa/Karhi/Rajmah with Rice		75	
CSE Block 	Block 25	Gupta Canteen	BREAKFAST	Poori Channa/Kulcha Chana/Channa Bhatura (5 Poori/3 Kulcha/2 Bhature+1 Bowl Channa+Aloo Veg+Salad)		75	
CSE Block 	Block 25	Gupta Canteen	GRAVY	Paneer Gravy (1 Bowl 450ml, 120gm Paneer)		90	
CSE Block 	Block 25	Gupta Canteen	GRAVY	Paneer Bhurji		120	
CSE Block 	Block 25	Gupta Canteen	MAIN COURSE	Seasonal Dry Veg/Gravy Veg/Dal/Channa/Karhi/Rajmah		50	
